Problem Size (N), serial, OMP
128, 0.000987, 0.0004
512, 0.058258, 0.0162
2048, 3.883481, 2.6425