Problem Size (N), OMP 4, OMP 16, OMP 64
128, 2.482000, 4.964000, 8.273333
512, 3.744061, 13.517114, 49.101325
2048, 4.067676, 15.156604, 57.364016