Problem Size (N), OMP 4 Block 4, OMP 16 Block 4, OMP 64 Block 4, OMP 4 Block 16, OMP 16 Block 16, OMP 64 Block 16, Serial Block 4, Serial Block 16
128, 1.995000, 3.990000, 4.987500, 0.987000, 1.974000, 2.467500, 0.002482, 0.001995
512, 0.614419, 2.298776, 8.129817, 0.267976, 0.917449, 3.596173, 0.815082, 0.133329
2048, 0.251558, 0.928940, 3.500381, 0.103086, 0.409473, 1.469624, 152.307200, 9.278811