Problem Size,direct,indirect,vector
8388608,0.000001,0.000016,0.001337
16777216,0.000001,0.000016,0.003344
33554432,0.000001,0.000012,0.005511
67108864,0.000001,0.000012,0.012402
134217728,0.000001,0.000010,0.023211
268435456,0.000004,0.000012,0.102993