Problem Size,direct,indirect,vector
8388608,0.001208,0.012200,0.002926
16777216,0.002395,0.026024,0.005870
33554432,0.004791,0.266208,0.011765
67108864,0.009581,0.578387,0.023379
134217728,0.019157,1.090143,0.045610
268435456,0.038292,4.314717,0.088074