Problem Size,Direct Bandwidth percentage,Indirect Bandwidth percentage,Vector Bandwidth percentage
8388608,0,2.685901639344262,11.198906356801093
16777216,0,2.5182908084844757,11.164565587734241
33554432,0,0.4923668710181512,11.140841478963027
67108864,0,0.45323287003338597,11.212797810000426
134217728,0,0.4809350699862311,11.495023021267267
268435456,0,0.243023122953371,11.905624815496061
